{
  "values": [
    0.5198419690132141,
    0.5237216949462891,
    0.5458834767341614,
    0.6952449083328247,
    0.612165093421936,
    0.5675325989723206,
    0.587838888168335,
    0.5756916999816895,
    0.7335902452468872,
    0.5181952714920044,
    0.5598808526992798,
    0.6277826428413391,
    0.5628121495246887,
    0.52848219871521,
    0.5598167181015015,
    0.6238437294960022,
    0.5858866572380066,
    0.6114000082015991,
    0.6074868440628052,
    0.5758700370788574,
    0.599016547203064,
    0.589841365814209,
    0.5971609354019165,
    0.5581232905387878,
    0.5920023918151855,
    0.6946053504943848,
    0.568686842918396,
    0.5581318140029907,
    0.6008091568946838,
    0.5805747509002686,
    0.6208345890045166,
    0.6192483901977539,
    0.5659043192863464,
    0.5797458291053772,
    0.5956238508224487,
    0.5751711130142212,
    0.5765596628189087,
    0.6012285947799683,
    0.5070590376853943,
    0.5895833969116211,
    0.5171961188316345,
    0.5596370697021484,
    0.49454015493392944,
    0.6170355081558228,
    0.5545494556427002,
    0.6130296587944031,
    0.5397416353225708,
    0.5398102402687073,
    0.6954566240310669,
    0.5969324111938477,
    0.5664433836936951,
    0.5661814212799072,
    0.551287829875946,
    0.6252512335777283,
    0.6164386868476868,
    0.5270796418190002,
    0.6205486059188843,
    0.5647313594818115,
    0.5775032043457031,
    0.49308547377586365,
    0.5075693726539612,
    0.5177431106567383,
    0.585089921951294,
    0.5776113271713257,
    0.597335934638977,
    0.6031981706619263,
    0.5320302844047546,
    0.6418943405151367,
    0.639227569103241,
    0.5649046897888184,
    0.5532490015029907,
    0.5967555046081543,
    0.5089694261550903,
    0.6157237887382507,
    0.5255058407783508,
    0.5763600468635559,
    0.5675910115242004,
    0.5823482275009155,
    0.5761023163795471,
    0.5956618785858154,
    0.5395686626434326,
    0.5560047626495361,
    0.5967673659324646,
    0.5778462886810303,
    0.5322455167770386,
    0.5360691547393799,
    0.7040573358535767,
    0.5817646980285645,
    0.5408913493156433,
    0.611393392086029,
    0.49690061807632446,
    0.566202700138092,
    0.575925350189209,
    0.4991050958633423,
    0.6088201999664307,
    0.572385847568512,
    0.5700223445892334,
    0.589612603187561,
    0.6273086071014404,
    0.4745228886604309
  ],
  "mean": 0.5775164517760277,
  "std": 0.046463763494116045,
  "min": 0.4745228886604309,
  "max": 0.7335902452468872,
  "n": 100
}